Title,Price,Date
Arc'teryx Index 15 Backpack,377.11,2022-05-27
Arc'teryx Index 15 Backpack,377.11,2022-05-27
Arc'teryx Index 15 Backpack,377.11,2022-05-27
Arc'teryx Index 15 Backpack,377.11,2022-05-27
Arc'teryx Index 15 Backpack,377.11,2022-05-27
Arc'teryx Index 15 Backpack,377.11,2022-05-27
Arc'teryx Index 15 Backpack,377.11,2022-05-27
Arc'teryx Index 15 Backpack,377.11,2022-05-27
Arc'teryx Index 15 Backpack,377.11,2022-05-27
Arc'teryx Index 15 Backpack,377.11,2022-05-27
Arc'teryx Index 15 Backpack,377.11,2022-05-27
